Dép.;Nom du col ;Altitude (m);"Ascencions
(Nb)";Col;>2000m;VTT
04;Col de Vars;2108;2;Oui;X;
04;Col d'Allos;2247;1;Oui;X;
04;Col de la Cayolle;2326;1;Oui;X;
04;Col de la Bonnette;2802;3;Oui;X;
05;Col de la Saulce;877;1;Oui;;
05;Col de la Sentinelle;981;1;Oui;;
05;Col du Villar;1039;1;Oui;;
05;Col de Pommerol;1072;1;Oui;;
05;Col des Tourettes;1126;1;Oui;;
05;Col de Cabre;1180;1;Oui;;
05;Col de Carabes;1261;2;Oui;;
05;Col de Manse;1268;2;Oui;;
05;Col de Festre;1441;1;Oui;;
05;Col de Moissière;1573;1;Oui;;
05;Col du Noyer;1664;2;Oui;;
05;Col de L'échelle;1762;1;Oui;;
05;Col du Lautaret;2058;1;Oui;X;
05;Col de la Platrière (Izoard côté Guillestre);2220;3;Oui;X;
05;Col de l'Izoard;2360;4;Oui;X;
05;Col du Galibier;2682;3;Oui;X;
05;Col Agnel;2744;2;Oui;X;
06;Col des 4 chemins;321;1;Oui;;
06;Col d'Eze;507;1;Oui;;
06;Col de la Lèque;695;1;Oui;;
06;Col du Pilon;786;2;Oui;;
06;Col de Vence;963;2;Oui;;
06;Col du Ferrier;1041;2;Oui;;
06;Col de la Sine;1108;1;Oui;;
06;Col de l'Ecre;1118;4;Oui;;
06;Col St Martin;1500;1;Oui;;
06;Col du Turini;1607;1;Oui;;
06;Col de la Couillole;1678;1;Oui;;
06;Col des Champs;2093;1;Oui;X;
06;Col de la Lombarde;2350;1;Oui;X;
07;Col de Mézilhac;1119;1;Oui;;
26;Col St Michel;347;1;Oui;;
26;Col de Perponcher;460;1;Oui;;
26;Col de Propiac;526;1;Oui;;
26;Col de la Borne;591;2;Oui;;X
26;Col de Ferrand;594;1;Oui;;X
26;Col de Reychasset;600;2;Oui;;
26;Col de Romeyer;637;2;Oui;;X
26;Col de Valouse;735;1;Oui;;
26;Col d'Aiguières;738;1;Oui;;
26;Col de la Croix;745;5;Oui;;
26;Col de Marignac;748;10;Oui;;
26;Col de Sausse;791;1;Oui;;
26;Col Lescou;829;2;Oui;;
26;Col de l'abbaye;848;1;Oui;;X
26;Col de Gaudissart;889;1;Oui;;
26;Col de Pré-Guittard;914;1;Oui;;
26;Col de Muse;932;1;Oui;;
26;Col de Prémol;964;3;Oui;;
26;Col de Bacchus;980;1;Oui;;
26;Col de Geine;1009;1;Oui;;
26;Col de la Machine;1011;1;Oui;;
26;Col de Miscon;1023;1;Oui;;
26;Col des Roustans ;1030;1;Oui;;
26;Col de Pennes;1040;8;Oui;;
26;Col de la Chaudière;1047;4;Oui;;
26;Col du Fays;1051;1;Oui;;
26;Col de Proncel;1100;2;Oui;;
26;Col de Rossas;1121;1;Oui;;
26;Col de la Croix-Haute;1176;2;Oui;;
26;Col de Carri;1202;3;Oui;;
26;Col St Alexis;1222;2;Oui;;
26;Col de Rousset;1254;31;Oui;;
26;Col de la Bataille;1313;1;Oui;;
26;Col de Grimone;1318;4;Oui;;
26;Col de Lachau;1337;2;Oui;;
26;Col de Menée;1402;4;Oui;;
29;Col du Menez-Hom;211;2;Oui;;
31;Col de Peyresourde;1569;2;Oui;;
33;Col du Château d'eau;34;1;Oui;;
38;Col de la Placette;587;1;Oui;;
38;Col de Clémencière;622;3;Oui;;
38;Col de Vence;782;3;Oui;;
38;Col Acarias;892;1;Oui;;
38;Col du Fau;899;1;Oui;;
38;Col des Ayes;944;1;Oui;;
38;Col des Mouilles;1020;1;Oui;;
38;Col de Marcieu;1060;2;Oui;;
38;Col de Romeyere;1069;1;Oui;;
38;Col de Cucheron;1139;1;Oui;;
38;Col de Malissol;1153;1;Oui;;
38;Col de Palaquit;1154;1;Oui;;
38;Col de l'Arzelier;1154;1;Oui;;
38;Col du Prayet;1197;2;Oui;;
38;Col de la Croix Perrin;1218;3;Oui;;
38;Col des Deux;1222;1;Oui;;
38;Col de la Charmette;1261;1;Oui;;
38;Col de Porte;1328;6;Oui;;
38;Col de la Morte;1360;1;Oui;;
38;Col d'Herbouilly;1370;1;Oui;;
38;Pas du Mortier;1389;1;Oui;;
38;Col du Coq;1434;2;Oui;;
57;Col de Lessy;306;19;Oui;;
63;Col de la Moreno;1062;1;Oui;;
64;Col d'Aubisque;1709;1;Oui;;
65;Col du Soulor;1474;1;Oui;;
65;Col d'Aspin;1489;2;Oui;;
65;Col d'Azet;1580;1;Oui;;
65;Col du Tourmalet;2114;2;Oui;X;
66;Col Rigat;1488;1;Oui;;
66;Col de la Perche;1581;1;Oui;;
66;Col du Calvaire de Font Romeu;1838;1;Oui;;
66;Col de la Llose;1861;1;Oui;;
66;Col del pam;1997;1;Oui;;
67;Col de Kreuzweg;768;2;Oui;;
67;Col de la Charbonnière;961;2;Oui;;
68;Col du Wilsbach;605;1;Oui;;
68;Col Firstplan;722;1;Oui;;
68;Col Haut de Ribeauvillé;742;1;Oui;;
68;Col Amic;825;1;Oui;;
68;Col de Freland;830;1;Oui;;
68;Col Herrenfluh;835;1;Oui;;
68;Col Silberloch;909;1;Oui;;
68;Col du Wettstein;882;1;Oui;;
68;Col de Grosse-Pierre;954;1;Oui;;X
68;Col de la Schlucht;1139;2;Oui;;
68;Col du Calvaire;1144;1;Oui;;
68;Col du Petit Ballon;1160;2;Non;;
68;Col du Platzerwasel;1183;2;Oui;;
69;Col de la Croix de l'Orme;491;1;Oui;;
69;Col de la Cépée;545;1;Oui;;
69;Col de Crie;622;1;Oui;;
69;Col du Champ Juin;731;2;Oui;;
69;Col du Fut d'Avenas;740;1;Oui;;
70;Ballon de Servance;1156;1;Oui;;
71;Col de Brancion;354;1;Oui;;
71;Col des Chèvres;419;1;Oui;;
71;Col de la Croix;486;1;Oui;;
71;Col des 4 Vents;489;2;Oui;;
71;Col de la Croix d'Auterre;556;1;Oui;;
73;Col du Granier;1134;1;Oui;;
73;Col de la Confrérie;1368;1;Oui;;
73;Col des Aravis;1486;2;Oui;;
73;Col du Télégraphe;1566;4;Oui;;
73;Col des Saisies;1633;1;Oui;;
73;Col du Mollard;1638;1;Oui;;
73;Col d'Albanne;1656;1;Oui;;
73;Col de la Madeleine (Bessans);1746;4;Oui;;
73;Col du Glandon;1924;1;Oui;;
73;Cormet de Roselend;1968;2;Oui;;
73;Col de la Madeleine;2000;1;Oui;X;
73;Col de la Croix de Fer;2064;2;Oui;X;
73;Col du Mont Cenis;2081;2;Oui;X;
73;Col du Petit St Bernard;2188;1;Oui;X;
73;Col de l'Iseran;2764;3;Oui;X;
74;Col de la Ramaz;1557;1;Oui;;
74;Col de la Colombière;1613;1;Oui;;
84;Pas du Voltigeur;328;1;Oui;;
84;Col de champ Paga;366;1;Oui;;
84;Col de Suzette;392;1;Oui;;
84;Col de la chaine;472;1;Oui;;
84;Col de la Madeleine (Bedouin);478;1;Oui;;
84;Col des Tempêtes (Mont Ventoux 1910m);1829;3;Oui;;
Espagne;Colle Sacreu (Arenys de Mar);400;2;Oui;;
Italie;Passo Dell'Aprica;1202;1;Oui;;
Italie;Passo Dello Stelvio;2760;1;Oui;X;
Suisse;Col de la Forclaz;1526;1;Oui;;
Montée;Haut Folin;901;1;Non;;
Montée;Croix de Justin (Die);1004;2;Non;;X
Montée;La Planche des Belles Filles;1035;1;Non;;
Montée;Le champ du Feu (Vosges);1099;2;Non;;
Montée;Monte Generoso (Suisse);1202;1;Non;;
Montée;Grand Ballon;1343;2;Non;;
Montée;Betex;1400;1;Non;;
Montée;Crans-Montana;1470;1;Non;;
Montée;Mont du Chat;1500;1;Non;;
Montée;Champex depuis les Valettes (Suisse);1500;1;Non;;
Montée;Les Orres;1550;1;Non;;
Montée;Pla d'Adet;1700;1;Non;;
Montée;Chamrousse;1700;1;Non;;
Montée;Orcière Merlette;1850;1;Non;;
Montée;Alpe d'Huez;1860;2;Non;;
Montée;Lago Di Cancano - Torri Di Fraele (Italie);1941;1;Non;;
Montée;Arolla (Suisse);2000;1;Non;;
;;Total;178;;;
;Total ascencions;;331;;;
;;;;>2000m;18;
